{
    "6_11_14_17_18_19_20_27_28_31_33_40_46_50_51_54_58_63_65_68_71_72_74_82_83_88_89_91_94_95": {
        "task_specific_test_acc": 0.5523333549499512,
        "restricted_test_acc": 0.5839999914169312
    },
    "5_8_10_12_15_24_29_33_35_37_44_45_46_48_58_68_70_73_77_78_79_80_83_86_88_89_92_93_98_99": {
        "task_specific_test_acc": 0.4873333275318146,
        "restricted_test_acc": 0.5239999890327454
    },
    "4_7_8_9_20_21_26_27_28_29_31_34_40_41_45_47_48_51_59_68_71_77_81_82_85_87_88_89_94_99": {
        "task_specific_test_acc": 0.5910000205039978,
        "restricted_test_acc": 0.6113333106040955
    },
    "0_3_4_11_13_19_20_25_27_28_29_35_43_53_54_57_64_69_71_75_76_77_80_83_93_94_95_97_98_99": {
        "task_specific_test_acc": 0.5389999747276306,
        "restricted_test_acc": 0.5509999990463257
    }
}
